analusis,h,CPUtime
bT1,0,103354.7604
net1_snaq,1,11648.98431
newtry1,1,88579.30634
timetest10_snaq,1,29394.46349
timetest11_snaq,1,67926.50206
timetest12_snaq,1,18935.63057
timetest13_snaq,1,31456.99368
timetest1_snaq,1,16688.0151
timetest2_snaq,1,37137.96355
timetest3_snaq,1,12630.99445
timetest4_snaq,1,21942.3465
timetest5_snaq,1,23949.37503
timetest6_snaq,1,39287.7962
timetest7_snaq,1,29822.1476
timetest8_snaq,1,51589.34232
timetest9_snaq,1,34831.46593